Make,Model,Type,Origin,DriveTrain,MSRP ($),Invoice ($),EngineSize,Cylinders,Horsepower,MPG_City,MPG_Highway,Weight,Wheelbase,Length
Acura,RSX Type S 2dr,Sedan,Asia,Front,23820.0,21761.0,2.0,4.0,200.0,27.0,31.0,2778.0,101.0,172.0
Acura,TSX 4dr,Sedan,Asia,Front,26990.0,24647.0,2.4,4.0,200.0,25.0,29.0,3230.0,105.0,183.0
Acura,TL 4dr,Sedan,Asia,Front,33195.0,30299.0,3.2,6.0,270.0,23.0,28.0,3575.0,108.0,186.0
Acura,3.5 RL 4dr,Sedan,Asia,Front,43755.0,39014.0,3.5,6.0,225.0,21.0,24.0,3880.0,115.0,197.0
Acura,3.5 RL w/Navigation 4dr,Sedan,Asia,Front,46100.0,41100.0,3.5,6.0,225.0,21.0,24.0,3893.0,115.0,197.0
Acura,NSX coupe 2dr manual S,Sports,Asia,Rear,89765.0,79978.0,3.2,6.0,290.0,20.0,24.0,3153.0,100.0,174.0
Audi,A4 1.8T 4dr,Sedan,Europe,Front,25940.0,23508.0,1.8,4.0,170.0,25.0,31.0,3252.0,104.0,179.0
Audi,A41.8T convertible 2dr,Sedan,Europe,Front,35940.0,32506.0,1.8,4.0,170.0,26.0,30.0,3638.0,105.0,180.0
Audi,A4 3.0 4dr,Sedan,Europe,Front,31840.0,28846.0,3.0,6.0,220.0,23.0,28.0,3462.0,104.0,179.0
Audi,A4 3.0 Quattro 4dr manual,Sedan,Europe,All,33430.0,30366.0,3.0,6.0,220.0,20.0,26.0,3583.0,104.0,179.0
Audi,A4 3.0 Quattro 4dr auto,Sedan,Europe,All,34480.0,31388.0,3.0,6.0,220.0,21.0,25.0,3627.0,104.0,179.0
Audi,A6 3.0 4dr,Sedan,Europe,Front,36640.0,33129.0,3.0,6.0,220.0,23.0,27.0,3561.0,109.0,192.0
Audi,A6 3.0 Quattro 4dr,Sedan,Europe,All,39640.0,35992.0,3.0,6.0,220.0,21.0,25.0,3880.0,109.0,192.0
Audi,A4 3.0 convertible 2dr,Sedan,Europe,Front,42490.0,38325.0,3.0,6.0,220.0,23.0,27.0,3814.0,105.0,180.0
Audi,A6 2.7 Turbo Quattro 4dr,Sedan,Europe,All,42840.0,38840.0,2.7,6.0,250.0,21.0,25.0,3836.0,109.0,192.0
Audi,S4 Quattro 4dr,Sedan,Europe,All,48040.0,43556.0,4.2,8.0,340.0,17.0,20.0,3825.0,104.0,179.0
Audi,TT 1.8 convertible 2dr (coupe),Sports,Europe,Front,35940.0,32512.0,1.8,4.0,180.0,23.0,28.0,3131.0,95.0,159.0
Audi,TT 1.8 Quattro 2dr (convertible),Sports,Europe,All,37390.0,33891.0,1.8,4.0,225.0,23.0,28.0,2921.0,96.0,159.0
Audi,TT 3.2 coupe 2dr (convertible),Sports,Europe,All,40590.0,36739.0,3.2,6.0,250.0,24.0,29.0,3351.0,96.0,159.0
Audi,S4 Avant Quattro,Wagon,Europe,All,49090.0,44446.0,4.2,8.0,340.0,18.0,21.0,3936.0,104.0,179.0
BMW,325i 4dr,Sedan,Europe,Rear,28495.0,26155.0,2.5,6.0,184.0,23.0,29.0,3219.0,107.0,176.0
BMW,325Ci 2dr,Sedan,Europe,Rear,30795.0,28245.0,2.5,6.0,184.0,23.0,29.0,3197.0,107.0,177.0
,,,,,32774.85514018692,30014.70093457944,3.196728971962617,5.807511737089202,215.8855140186916,23.060747663551403,26.843457943925234,3577.9532710280373,108.15420560747664,186.36214953271028
BMW,325Ci convertible 2dr,Sedan,Europe,Rear,37995.0,34800.0,2.5,6.0,184.0,22.0,27.0,3560.0,107.0,177.0
BMW,325xi 4dr,Sedan,Europe,All,30245.0,27745.0,2.5,6.0,184.0,22.0,27.0,3461.0,107.0,176.0
BMW,330i 4dr,Sedan,Europe,Rear,35495.0,32525.0,3.0,6.0,225.0,23.0,30.0,3285.0,107.0,176.0
BMW,330Ci 2dr,Sedan,Europe,Rear,36995.0,33890.0,3.0,6.0,225.0,23.0,30.0,3285.0,107.0,176.0
BMW,330xi 4dr,Sedan,Europe,All,37245.0,34115.0,3.0,6.0,225.0,23.0,29.0,3483.0,107.0,176.0
BMW,525i 4dr,Sedan,Europe,Rear,39995.0,36620.0,2.5,6.0,184.0,22.0,28.0,3428.0,114.0,191.0
BMW,330Ci convertible 2dr,Sedan,Europe,Rear,44295.0,40530.0,3.0,6.0,225.0,22.0,28.0,3616.0,107.0,177.0
BMW,530i 4dr,Sedan,Europe,Rear,44995.0,41170.0,3.0,6.0,225.0,23.0,30.0,3472.0,114.0,191.0
,,,,,32774.85514018692,30014.70093457944,3.196728971962617,5.807511737089202,215.8855140186916,23.060747663551403,26.843457943925234,3577.9532710280373,108.15420560747664,186.36214953271028
BMW,545iA 4dr,Sedan,Europe,Rear,54995.0,50270.0,4.4,8.0,325.0,21.0,26.0,3814.0,114.0,191.0
BMW,M3 coupe 2dr,Sports,Europe,Rear,48195.0,44170.0,3.2,6.0,333.0,19.0,24.0,3415.0,108.0,177.0
BMW,M3 convertible 2dr,Sports,Europe,Rear,56595.0,51815.0,3.2,6.0,333.0,19.0,23.0,3781.0,108.0,177.0
BMW,Z4 convertible 2.5i 2dr,Sports,Europe,Rear,33895.0,31065.0,2.5,6.0,184.0,23.0,28.0,2932.0,98.0,161.0
BMW,Z4 convertible 3.0i 2dr,Sports,Europe,Rear,41045.0,37575.0,3.0,6.0,225.0,24.0,29.0,2998.0,98.0,161.0
BMW,325xi Sport,Wagon,Europe,All,32845.0,30110.0,2.5,6.0,184.0,22.0,26.0,3594.0,107.0,176.0
Buick,Century Custom 4dr,Sedan,USA,Front,22180.0,20351.0,3.1,6.0,175.0,23.0,30.0,3353.0,109.0,195.0
Buick,LeSabre Custom 4dr,Sedan,USA,Front,26470.0,24282.0,3.8,6.0,205.0,23.0,29.0,3567.0,112.0,200.0
Buick,Regal LS 4dr,Sedan,USA,Front,24895.0,22835.0,3.8,6.0,200.0,23.0,30.0,3461.0,109.0,196.0
Buick,Regal GS 4dr,Sedan,USA,Front,28345.0,26047.0,3.8,6.0,240.0,21.0,28.0,3536.0,109.0,196.0
Buick,LeSabre Limited 4dr,Sedan,USA,Front,32245.0,29566.0,3.8,6.0,205.0,23.0,29.0,3591.0,112.0,200.0
Buick,Park Avenue 4dr,Sedan,USA,Front,35545.0,32244.0,3.8,6.0,205.0,23.0,29.0,3778.0,114.0,207.0
Buick,Park Avenue Ultra 4dr,Sedan,USA,Front,40720.0,36927.0,3.8,6.0,240.0,21.0,28.0,3909.0,114.0,207.0
Cadillac,CTS VVT 4dr,Sedan,USA,Rear,30835.0,28575.0,3.6,6.0,255.0,21.0,25.0,3694.0,113.0,190.0
Cadillac,Deville 4dr,Sedan,USA,Front,45445.0,41650.0,4.6,8.0,275.0,21.0,26.0,3984.0,115.0,207.0
Cadillac,Seville SLS 4dr,Sedan,USA,Front,47955.0,43841.0,4.6,8.0,275.0,21.0,26.0,3992.0,112.0,201.0
Cadillac,XLR convertible 2dr,Sports,USA,Rear,76200.0,70546.0,4.6,8.0,320.0,20.0,25.0,3647.0,106.0,178.0
Chevrolet,Tracker,SUV,USA,Front,20255.0,19108.0,2.5,6.0,165.0,22.0,22.0,2866.0,98.0,163.0
Chevrolet,Aveo 4dr,Sedan,USA,Front,11690.0,10965.0,1.6,4.0,103.0,31.0,34.0,2370.0,98.0,167.0
Chevrolet,Aveo LS 4dr hatch,Sedan,USA,Front,12585.0,11802.0,1.6,4.0,103.0,31.0,34.0,2348.0,98.0,153.0
Chevrolet,Cavalier 2dr,Sedan,USA,Front,14610.0,13697.0,2.2,4.0,140.0,29.0,37.0,2617.0,104.0,183.0
Chevrolet,Cavalier 4dr,Sedan,USA,Front,14810.0,13884.0,2.2,4.0,140.0,29.0,37.0,2676.0,104.0,183.0
Chevrolet,Cavalier LS 2dr,Sedan,USA,Front,16385.0,15357.0,2.2,4.0,140.0,29.0,37.0,2617.0,104.0,183.0
Chevrolet,Impala 4dr,Sedan,USA,Front,21900.0,20095.0,3.4,6.0,180.0,24.0,32.0,3465.0,111.0,200.0
Chevrolet,Malibu 4dr,Sedan,USA,Front,18995.0,17434.0,2.2,4.0,145.0,27.0,34.0,3174.0,106.0,188.0
Chevrolet,Malibu LS 4dr,Sedan,USA,Front,20370.0,18639.0,3.5,6.0,200.0,25.0,30.0,3297.0,106.0,188.0
Chevrolet,Monte Carlo LS 2dr,Sedan,USA,Front,21825.0,20026.0,3.4,6.0,180.0,24.0,32.0,3340.0,111.0,198.0
Chevrolet,Impala LS 4dr,Sedan,USA,Front,25000.0,22931.0,3.8,6.0,200.0,23.0,30.0,3476.0,111.0,200.0
Chevrolet,Impala SS 4dr,Sedan,USA,Front,27995.0,25672.0,3.8,6.0,240.0,21.0,28.0,3606.0,111.0,200.0
Chevrolet,Malibu LT 4dr,Sedan,USA,Front,23495.0,21551.0,3.5,6.0,200.0,26.0,32.0,3315.0,106.0,188.0
Chevrolet,Monte Carlo SS 2dr,Sedan,USA,Front,24225.0,22222.0,3.8,6.0,200.0,21.0,28.0,3434.0,111.0,198.0
Chevrolet,Venture LS,Sedan,USA,Front,27020.0,24518.0,3.4,6.0,185.0,22.0,26.0,3699.0,112.0,187.0
Chevrolet,Corvette 2dr,Sports,USA,Rear,44535.0,39068.0,5.7,8.0,350.0,21.0,25.0,3246.0,105.0,180.0
Chevrolet,Corvette convertible 2dr,Sports,USA,Rear,51535.0,45193.0,5.7,8.0,350.0,21.0,25.0,3248.0,105.0,180.0
Chevrolet,Colorado Z85,Truck,USA,All,18760.0,17070.0,2.8,4.0,175.0,21.0,23.0,3623.0,111.0,192.0
Chevrolet,Malibu Maxx LS,Wagon,USA,Front,22225.0,20394.0,3.5,6.0,200.0,25.0,30.0,3458.0,112.0,188.0
Chrysler,PT Cruiser 4dr,Sedan,USA,Front,17985.0,16919.0,2.4,4.0,150.0,25.0,29.0,3101.0,103.0,169.0
Chrysler,PT Cruiser Limited 4dr,Sedan,USA,Front,22000.0,20573.0,2.4,4.0,150.0,25.0,29.0,3105.0,103.0,169.0
Chrysler,Sebring 4dr,Sedan,USA,Front,19090.0,17805.0,2.4,4.0,150.0,25.0,30.0,3173.0,108.0,191.0
Chrysler,Sebring Touring 4dr,Sedan,USA,Front,21840.0,20284.0,2.7,6.0,200.0,24.0,28.0,3222.0,108.0,191.0
Chrysler,300M 4dr,Sedan,USA,Front,29865.0,27797.0,3.5,6.0,250.0,21.0,27.0,3581.0,113.0,198.0
Chrysler,Concorde LX 4dr,Sedan,USA,Front,24130.0,22452.0,2.7,6.0,200.0,24.0,29.0,3479.0,113.0,208.0
Chrysler,Concorde LXi 4dr,Sedan,USA,Front,26860.0,24909.0,3.5,6.0,232.0,22.0,27.0,3548.0,113.0,208.0
Chrysler,PT Cruiser GT 4dr,Sedan,USA,Front,25955.0,24172.0,2.4,4.0,220.0,24.0,27.0,3217.0,103.0,169.0
Chrysler,Sebring convertible 2dr,Sedan,USA,Front,25215.0,23451.0,2.4,4.0,150.0,25.0,30.0,3357.0,106.0,194.0
Chrysler,300M Special Edition 4dr,Sedan,USA,Front,33295.0,30884.0,3.5,6.0,255.0,21.0,27.0,3650.0,113.0,198.0
Chrysler,Sebring Limited convertible 2dr,Sedan,USA,Front,30950.0,28613.0,2.7,6.0,200.0,24.0,28.0,3448.0,106.0,194.0
Chrysler,Crossfire 2dr,Sports,USA,Rear,34495.0,32033.0,3.2,6.0,215.0,20.0,25.0,3060.0,95.0,160.0
Dodge,Neon SE 4dr,Sedan,USA,Front,13670.0,12849.0,2.0,4.0,132.0,32.0,36.0,2581.0,105.0,174.0
Dodge,Neon SXT 4dr,Sedan,USA,Front,15040.0,14086.0,2.0,4.0,132.0,32.0,36.0,2626.0,105.0,174.0
Dodge,Intrepid SE 4dr,Sedan,USA,Front,22035.0,20502.0,2.7,6.0,200.0,24.0,29.0,3469.0,113.0,204.0
Dodge,Stratus SXT 4dr,Sedan,USA,Front,18820.0,17512.0,2.4,4.0,150.0,24.0,28.0,3182.0,108.0,191.0
Dodge,Stratus SE 4dr,Sedan,USA,Front,20220.0,18821.0,2.4,4.0,150.0,24.0,28.0,3175.0,108.0,191.0
Dodge,Intrepid ES 4dr,Sedan,USA,Front,24885.0,23058.0,3.5,6.0,232.0,21.0,27.0,3487.0,113.0,204.0
Dodge,Caravan SE,Sedan,USA,Front,21795.0,20508.0,2.4,4.0,150.0,23.0,26.0,3862.0,113.0,189.0
Dodge,Viper SRT-10 convertible 2dr,Sports,USA,Rear,81795.0,74451.0,8.3,10.0,500.0,15.0,20.0,3410.0,99.0,176.0
Dodge,Dakota Regular Cab,Truck,USA,Rear,17630.0,16264.0,3.7,6.0,210.0,19.0,22.0,3714.0,112.0,193.0
Dodge,Dakota Club Cab,Truck,USA,Rear,20300.0,18670.0,3.7,6.0,210.0,19.0,22.0,3829.0,131.0,219.0
Ford,Escape XLS,SUV,USA,All,22515.0,20907.0,3.0,6.0,201.0,21.0,23.0,3346.0,103.0,173.0
Ford,Focus ZX3 2dr hatch,Sedan,USA,Front,13270.0,12482.0,2.0,4.0,130.0,29.0,33.0,2612.0,103.0,168.0
Ford,Focus LX 4dr,Sedan,USA,Front,13730.0,12906.0,2.0,4.0,110.0,30.0,36.0,2606.0,103.0,168.0
Ford,Focus SE 4dr,Sedan,USA,Front,15460.0,14496.0,2.0,4.0,130.0,29.0,33.0,2606.0,103.0,168.0
Ford,Focus ZX5 5dr,Sedan,USA,Front,15580.0,14607.0,2.0,4.0,130.0,29.0,33.0,2691.0,103.0,168.0
Ford,Focus SVT 2dr,Sedan,USA,Front,19135.0,17878.0,2.0,4.0,170.0,24.0,28.0,2750.0,103.0,168.0
Ford,Taurus LX 4dr,Sedan,USA,Front,20320.0,18881.0,3.0,6.0,155.0,23.0,27.0,3306.0,109.0,198.0
Ford,Taurus SES Duratec 4dr,Sedan,USA,Front,22735.0,20857.0,3.0,6.0,201.0,22.0,26.0,3313.0,109.0,198.0
Ford,Mustang 2dr (convertible),Sports,USA,Rear,18345.0,16943.0,3.8,6.0,193.0,23.0,29.0,3290.0,101.0,183.0
Ford,Mustang GT Premium convertible 2dr,Sports,USA,Rear,29380.0,26875.0,4.6,8.0,260.0,20.0,25.0,3347.0,101.0,183.0
Ford,Thunderbird Deluxe convert w/hardtop 2d,Sports,USA,Front,37530.0,34483.0,3.9,8.0,280.0,20.0,24.0,3780.0,107.0,186.0
Ford,Ranger 2.3 XL Regular Cab,Truck,USA,Rear,14385.0,13717.0,2.3,4.0,143.0,27.0,29.0,3028.0,111.0,188.0
Ford,Focus ZTW,Wagon,USA,Front,17475.0,16375.0,2.0,4.0,130.0,29.0,33.0,2702.0,103.0,178.0
Ford,Taurus SE,Wagon,USA,Front,22290.0,20457.0,3.0,6.0,155.0,22.0,26.0,3497.0,109.0,198.0
GMC,Canyon Z85 SL Regular Cab,Truck,USA,Rear,16530.0,14877.0,2.8,4.0,175.0,21.0,25.0,3351.0,111.0,192.0
Honda,Civic Hybrid 4dr manual (gas/electric),Hybrid,Asia,Front,20140.0,18451.0,1.4,4.0,93.0,49.0,51.0,2732.0,103.0,175.0
Honda,Insight 2dr (gas/electric),Hybrid,Asia,Front,19110.0,17911.0,2.0,3.0,73.0,63.0,66.0,1850.0,95.0,155.0
Honda,CR-V LX,SUV,Asia,All,19860.0,18419.0,2.4,4.0,160.0,24.0,25.0,3258.0,103.0,179.0
Honda,Element LX,SUV,Asia,All,18690.0,17334.0,2.4,4.0,160.0,24.0,24.0,3468.0,101.0,167.0
Honda,Civic DX 2dr,Sedan,Asia,Front,13270.0,12175.0,1.7,4.0,115.0,35.0,38.0,2432.0,103.0,175.0
Honda,Civic HX 2dr,Sedan,Asia,Front,14170.0,12996.0,1.7,4.0,117.0,39.0,44.0,2500.0,103.0,175.0
Honda,Civic LX 4dr,Sedan,Asia,Front,15850.0,14531.0,1.7,4.0,115.0,35.0,38.0,2513.0,103.0,175.0
Honda,Accord LX 2dr,Sedan,Asia,Front,19860.0,17924.0,2.4,4.0,160.0,29.0,34.0,2994.0,105.0,188.0
Honda,Accord EX 2dr,Sedan,Asia,Front,22260.0,20080.0,2.4,4.0,160.0,29.0,34.0,3047.0,105.0,188.0
,,,,,32774.85514018692,30014.70093457944,3.196728971962617,5.807511737089202,215.8855140186916,23.060747663551403,26.843457943925234,3577.9532710280373,108.15420560747664,186.36214953271028
Honda,Civic EX 4dr,Sedan,Asia,Front,17750.0,16265.0,1.7,4.0,127.0,35.0,37.0,2601.0,103.0,175.0
Honda,Civic Si 2dr hatch,Sedan,Asia,Front,19490.0,17849.0,2.0,4.0,160.0,29.0,30.0,2782.0,101.0,166.0
Honda,Accord LX V6 4dr,Sedan,Asia,Front,23760.0,21428.0,3.0,6.0,240.0,24.0,30.0,3349.0,108.0,190.0
Honda,Accord EX V6 2dr,Sedan,Asia,Front,26960.0,24304.0,3.0,6.0,240.0,24.0,30.0,3294.0,105.0,188.0
Honda,S2000 convertible 2dr,Sports,Asia,Rear,33260.0,29965.0,2.2,4.0,240.0,23.0,25.0,2835.0,95.0,162.0
Hyundai,Santa Fe GLS,SUV,Asia,Front,21589.0,20201.0,2.7,6.0,173.0,23.0,26.0,3549.0,103.0,177.0
Hyundai,Accent 2dr hatch,Sedan,Asia,Front,10539.0,10107.0,1.6,4.0,103.0,32.0,33.0,2255.0,96.0,167.0
Hyundai,Accent GL 4dr,Sedan,Asia,Front,11839.0,11116.0,1.6,4.0,103.0,32.0,33.0,2290.0,96.0,167.0
,,,,,32774.85514018692,30014.70093457944,3.196728971962617,5.807511737089202,215.8855140186916,23.060747663551403,26.843457943925234,3577.9532710280373,108.15420560747664,186.36214953271028
Hyundai,Accent GT 2dr hatch,Sedan,Asia,Front,11939.0,11209.0,1.6,4.0,103.0,32.0,33.0,2339.0,96.0,167.0
Hyundai,Elantra GLS 4dr,Sedan,Asia,Front,13839.0,12781.0,2.0,4.0,138.0,29.0,34.0,2635.0,103.0,178.0
Hyundai,Elantra GT 4dr,Sedan,Asia,Front,15389.0,14207.0,2.0,4.0,138.0,29.0,34.0,2635.0,103.0,178.0
Hyundai,Elantra GT 4dr hatch,Sedan,Asia,Front,15389.0,14207.0,2.0,4.0,138.0,29.0,34.0,2698.0,103.0,178.0
Hyundai,Sonata GLS 4dr,Sedan,Asia,Front,19339.0,17574.0,2.7,6.0,170.0,22.0,27.0,3217.0,106.0,187.0
Hyundai,Sonata LX 4dr,Sedan,Asia,Front,20339.0,18380.0,2.7,6.0,170.0,22.0,27.0,3217.0,106.0,187.0
Hyundai,XG350 4dr,Sedan,Asia,Front,24589.0,22055.0,3.5,6.0,194.0,20.0,26.0,3651.0,108.0,192.0
Hyundai,XG350 L 4dr,Sedan,Asia,Front,26189.0,23486.0,3.5,6.0,194.0,20.0,26.0,3651.0,108.0,192.0
Hyundai,Tiburon GT V6 2dr,Sports,Asia,Front,18739.0,17101.0,2.7,6.0,172.0,22.0,26.0,3023.0,100.0,173.0
Infiniti,G35 4dr,Sedan,Asia,Rear,28495.0,26157.0,3.5,6.0,260.0,21.0,26.0,3336.0,112.0,187.0
Infiniti,G35 Sport Coupe 2dr,Sedan,Asia,Rear,29795.0,27536.0,3.5,6.0,280.0,21.0,26.0,3416.0,112.0,182.0
Infiniti,G35 4dr,Sedan,Asia,All,32445.0,29783.0,3.5,6.0,260.0,21.0,26.0,3677.0,112.0,187.0
Infiniti,I35 4dr,Sedan,Asia,Front,31145.0,28320.0,3.5,6.0,255.0,22.0,26.0,3306.0,108.0,194.0
Infiniti,M45 4dr,Sedan,Asia,Rear,42845.0,38792.0,4.5,8.0,340.0,20.0,23.0,3851.0,110.0,197.0
Infiniti,Q45 Luxury 4dr,Sedan,Asia,Rear,52545.0,47575.0,4.5,8.0,340.0,20.0,23.0,3977.0,113.0,200.0
Isuzu,Rodeo S,SUV,Asia,Front,20449.0,19261.0,3.2,6.0,193.0,20.0,21.0,3836.0,106.0,178.0
Jaguar,X-Type 2.5 4dr,Sedan,Europe,All,29995.0,27355.0,2.5,6.0,192.0,21.0,26.0,3428.0,107.0,184.0
Jaguar,X-Type 3.0 4dr,Sedan,Europe,All,33995.0,30995.0,3.0,6.0,227.0,21.0,25.0,3516.0,107.0,184.0
Jaguar,S-Type 3.0 4dr,Sedan,Europe,Rear,43895.0,40004.0,3.0,6.0,235.0,21.0,26.0,3777.0,115.0,192.0
Jaguar,S-Type 4.2 4dr,Sedan,Europe,Rear,49995.0,45556.0,4.2,8.0,294.0,21.0,28.0,3874.0,115.0,192.0
Jaguar,Vanden Plas 4dr,Sedan,Europe,Rear,68995.0,62846.0,4.2,8.0,294.0,21.0,28.0,3803.0,119.0,200.0
Jaguar,XJ8 4dr,Sedan,Europe,Rear,59995.0,54656.0,4.2,8.0,294.0,21.0,28.0,3803.0,119.0,200.0
Jaguar,XJR 4dr,Sedan,Europe,Rear,74995.0,68306.0,4.2,8.0,390.0,20.0,24.0,3948.0,119.0,200.0
Jaguar,XK8 coupe 2dr,Sports,Europe,Rear,69995.0,63756.0,4.2,8.0,294.0,21.0,26.0,3779.0,102.0,187.0
Jaguar,XK8 convertible 2dr,Sports,Europe,Rear,74995.0,68306.0,4.2,8.0,294.0,21.0,26.0,3980.0,102.0,187.0
Jaguar,XKR coupe 2dr,Sports,Europe,Rear,81995.0,74676.0,4.2,8.0,390.0,19.0,23.0,3865.0,102.0,187.0
Jeep,Grand Cherokee Laredo,SUV,USA,Front,27905.0,25686.0,4.0,6.0,195.0,19.0,21.0,3790.0,106.0,181.0
Jeep,Liberty Sport,SUV,USA,All,20130.0,18973.0,2.4,4.0,150.0,23.0,24.0,3826.0,104.0,174.0
Jeep,Wrangler Sahara convertible 2dr,SUV,USA,All,25520.0,23275.0,4.0,6.0,190.0,19.0,19.0,3575.0,93.0,150.0
Kia,Optima LX 4dr,Sedan,Asia,Front,16040.0,14910.0,2.4,4.0,138.0,26.0,30.0,3281.0,106.0,186.0
Kia,Rio 4dr manual,Sedan,Asia,Front,10280.0,9875.0,1.6,4.0,104.0,29.0,33.0,2403.0,95.0,167.0
Kia,Rio 4dr auto,Sedan,Asia,Front,11155.0,10705.0,1.6,4.0,104.0,28.0,32.0,2458.0,95.0,167.0
Kia,Spectra 4dr,Sedan,Asia,Front,12360.0,11630.0,1.8,4.0,124.0,27.0,32.0,2661.0,101.0,178.0
Kia,Spectra GS 4dr hatch,Sedan,Asia,Front,13580.0,12830.0,1.8,4.0,124.0,27.0,32.0,2686.0,101.0,178.0
Kia,Spectra GSX 4dr hatch,Sedan,Asia,Front,14630.0,13790.0,1.8,4.0,124.0,27.0,32.0,2697.0,101.0,178.0
Kia,Optima LX V6 4dr,Sedan,Asia,Front,18435.0,16850.0,2.7,6.0,170.0,23.0,27.0,3279.0,106.0,186.0
Kia,Rio Cinco,Wagon,Asia,Front,11905.0,11410.0,1.6,4.0,104.0,29.0,33.0,2447.0,95.0,167.0
Land Rover,Freelander SE,SUV,Europe,All,25995.0,23969.0,2.5,6.0,174.0,21.0,21.0,3577.0,101.0,175.0
Lexus,ES 330 4dr,Sedan,Asia,Front,32350.0,28755.0,3.3,6.0,225.0,23.0,29.0,3460.0,107.0,191.0
Lexus,IS 300 4dr manual,Sedan,Asia,Rear,31045.0,27404.0,3.0,6.0,215.0,21.0,25.0,3255.0,105.0,177.0
Lexus,IS 300 4dr auto,Sedan,Asia,Rear,32415.0,28611.0,3.0,6.0,215.0,21.0,24.0,3285.0,105.0,177.0
Lexus,GS 300 4dr,Sedan,Asia,Rear,41010.0,36196.0,3.0,6.0,220.0,21.0,25.0,3649.0,110.0,189.0
Lexus,GS 430 4dr,Sedan,Asia,Rear,48450.0,42232.0,4.3,8.0,300.0,21.0,23.0,3715.0,110.0,189.0
Lexus,LS 430 4dr,Sedan,Asia,Rear,55750.0,48583.0,4.3,8.0,290.0,21.0,25.0,3990.0,115.0,197.0
Lexus,SC 430 convertible 2dr,Sports,Asia,Rear,63200.0,55063.0,4.3,8.0,300.0,21.0,23.0,3840.0,103.0,178.0
Lexus,IS 300 SportCross,Wagon,Asia,Rear,32455.0,28647.0,3.0,6.0,215.0,21.0,24.0,3410.0,105.0,177.0
Lincoln,LS V6 Luxury 4dr,Sedan,USA,Rear,32495.0,29969.0,3.0,6.0,232.0,23.0,26.0,3681.0,115.0,194.0
Lincoln,LS V6 Premium 4dr,Sedan,USA,Rear,36895.0,33929.0,3.0,6.0,232.0,23.0,26.0,3681.0,115.0,194.0
Lincoln,LS V8 Sport 4dr,Sedan,USA,Rear,40095.0,36809.0,3.9,8.0,280.0,20.0,24.0,3768.0,115.0,194.0
Lincoln,LS V8 Ultimate 4dr,Sedan,USA,Rear,43495.0,39869.0,3.9,8.0,280.0,20.0,24.0,3768.0,115.0,194.0
MINI,Cooper,Sedan,Europe,Front,16999.0,15437.0,1.6,4.0,115.0,31.0,37.0,2524.0,97.0,143.0
MINI,Cooper S,Sedan,Europe,Front,19999.0,18137.0,1.6,4.0,163.0,28.0,34.0,2678.0,97.0,144.0
Mazda,Tribute DX 2.0,SUV,Asia,All,21087.0,19742.0,2.0,4.0,130.0,25.0,25.0,3091.0,103.0,173.0
Mazda,Mazda3 i 4dr,Sedan,Asia,Front,15500.0,14525.0,2.0,4.0,148.0,29.0,34.0,2696.0,104.0,178.0
Mazda,Mazda3 s 4dr,Sedan,Asia,Front,17200.0,15922.0,2.3,4.0,160.0,28.0,31.0,2762.0,104.0,179.0
Mazda,Mazda6 i 4dr,Sedan,Asia,Front,19270.0,17817.0,2.3,4.0,160.0,27.0,32.0,3042.0,105.0,187.0
Mazda,MPV ES,Sedan,Asia,Front,28750.0,26600.0,3.0,6.0,200.0,21.0,25.0,3812.0,112.0,188.0
Mazda,MX-5 Miata convertible 2dr,Sports,Asia,Rear,22388.0,20701.0,1.8,4.0,142.0,26.0,28.0,2387.0,89.0,156.0
Mazda,MX-5 Miata LS convertible 2dr,Sports,Asia,Rear,25193.0,23285.0,1.8,4.0,142.0,26.0,28.0,2387.0,89.0,156.0
Mazda,RX-8 4dr automatic,Sports,Asia,Rear,25700.0,23794.0,1.3,5.807511737089202,197.0,21.0,25.0,3053.0,106.0,174.0
Mazda,RX-8 4dr manual,Sports,Asia,Rear,27200.0,25179.0,1.3,5.807511737089202,238.0,21.0,24.0,3029.0,106.0,174.0
Mazda,B2300 SX Regular Cab,Truck,Asia,Rear,14840.0,14070.0,2.3,4.0,143.0,27.0,29.0,2960.0,112.0,188.0
Mazda,B4000 SE Cab Plus,Truck,Asia,All,22350.0,20482.0,4.0,6.0,207.0,18.0,19.0,3571.0,126.0,203.0
Mercedes-Benz,C230 Sport 2dr,Sedan,Europe,Rear,26060.0,24249.0,1.8,4.0,189.0,25.0,30.0,3250.0,107.0,178.0
Mercedes-Benz,C320 Sport 2dr,Sedan,Europe,Rear,28370.0,26435.0,3.2,6.0,215.0,22.0,26.0,3430.0,107.0,178.0
Mercedes-Benz,C240 4dr,Sedan,Europe,Rear,32280.0,30071.0,2.6,6.0,168.0,23.0,25.0,3360.0,107.0,178.0
Mercedes-Benz,C240 4dr,Sedan,Europe,All,33480.0,31187.0,2.6,6.0,168.0,22.0,25.0,3360.0,107.0,178.0
Mercedes-Benz,C320 Sport 4dr,Sedan,Europe,Rear,35920.0,33456.0,3.2,6.0,215.0,22.0,26.0,3430.0,107.0,178.0
Mercedes-Benz,C320 4dr,Sedan,Europe,Rear,37630.0,35046.0,3.2,6.0,215.0,23.0,26.0,3450.0,107.0,178.0
Mercedes-Benz,C320 4dr,Sedan,Europe,All,38830.0,36162.0,3.2,6.0,215.0,22.0,27.0,3450.0,107.0,178.0
Mercedes-Benz,C32 AMG 4dr,Sedan,Europe,Rear,52120.0,48522.0,3.2,6.0,349.0,19.0,21.0,3540.0,107.0,178.0
Mercedes-Benz,CLK320 coupe 2dr (convertible),Sedan,Europe,Rear,45707.0,41966.0,3.2,6.0,215.0,23.0,26.0,3770.0,107.0,183.0
Mercedes-Benz,CLK500 coupe 2dr (convertible),Sedan,Europe,Rear,52800.0,49104.0,5.0,8.0,302.0,20.0,22.0,3585.0,107.0,183.0
Mercedes-Benz,E320 4dr,Sedan,Europe,Rear,48170.0,44849.0,3.2,6.0,221.0,22.0,27.0,3635.0,112.0,190.0
Mercedes-Benz,E500 4dr,Sedan,Europe,Rear,57270.0,53382.0,5.0,8.0,302.0,19.0,20.0,3815.0,112.0,190.0
Mercedes-Benz,SLK230 convertible 2dr,Sports,Europe,Rear,40320.0,37548.0,2.3,4.0,192.0,24.0,29.0,3055.0,95.0,158.0
Mercedes-Benz,SLK32 AMG 2dr,Sports,Europe,Rear,56170.0,52289.0,3.2,6.0,349.0,20.0,22.0,3220.0,95.0,158.0
Mercedes-Benz,C240,Wagon,Europe,Rear,33780.0,31466.0,2.6,6.0,168.0,22.0,25.0,3470.0,107.0,179.0
Mercedes-Benz,E320,Wagon,Europe,Rear,50670.0,47174.0,3.2,6.0,221.0,22.0,27.0,3966.0,112.0,190.0
Mercury,Sable GS 4dr,Sedan,USA,Front,21595.0,19848.0,3.0,6.0,155.0,23.0,27.0,3308.0,109.0,200.0
Mercury,Sable LS Premium 4dr,Sedan,USA,Front,23895.0,21918.0,3.0,6.0,201.0,22.0,26.0,3315.0,109.0,200.0
Mercury,Sable GS,Wagon,USA,Front,22595.0,20748.0,3.0,6.0,155.0,22.0,26.0,3488.0,109.0,198.0
Mitsubishi,Outlander LS,SUV,Asia,Front,18892.0,17569.0,2.4,4.0,160.0,24.0,27.0,3240.0,103.0,179.0
Mitsubishi,Lancer ES 4dr,Sedan,Asia,Front,14622.0,13751.0,2.0,4.0,120.0,28.0,31.0,2656.0,102.0,181.0
Mitsubishi,Lancer LS 4dr,Sedan,Asia,Front,16722.0,15718.0,2.0,4.0,120.0,28.0,31.0,2795.0,102.0,181.0
Mitsubishi,Galant ES 2.4L 4dr,Sedan,Asia,Front,19312.0,17957.0,2.4,4.0,160.0,26.0,30.0,3351.0,108.0,191.0
Mitsubishi,Lancer OZ Rally 4dr auto,Sedan,Asia,Front,17232.0,16196.0,2.0,4.0,120.0,28.0,31.0,2744.0,102.0,181.0
Mitsubishi,Diamante LS 4dr,Sedan,Asia,Front,29282.0,27250.0,3.5,6.0,205.0,21.0,25.0,3549.0,107.0,194.0
Mitsubishi,Galant GTS 4dr,Sedan,Asia,Front,25700.0,23883.0,3.8,6.0,230.0,21.0,26.0,3649.0,108.0,191.0
Mitsubishi,Eclipse GTS 2dr,Sports,Asia,Front,25092.0,23456.0,3.0,6.0,210.0,24.0,28.0,3241.0,101.0,177.0
Mitsubishi,Eclipse Spyder GT convertible 2dr,Sports,Asia,Front,26992.0,25218.0,3.0,6.0,210.0,24.0,28.0,3296.0,101.0,177.0
Mitsubishi,Lancer Evolution 4dr,Sports,Asia,Front,29562.0,27466.0,2.0,4.0,271.0,21.0,26.0,3263.0,103.0,179.0
Mitsubishi,Lancer Sportback LS,Wagon,Asia,Front,17495.0,16295.0,2.4,4.0,160.0,28.0,31.0,3020.0,102.0,181.0
Nissan,Pathfinder SE,SUV,Asia,Front,27339.0,25972.0,3.5,6.0,240.0,19.0,21.0,3871.0,106.0,183.0
Nissan,Xterra XE V6,SUV,Asia,Front,20939.0,19512.0,3.3,6.0,180.0,20.0,20.0,3760.0,104.0,178.0
Nissan,Sentra 1.8 4dr,Sedan,Asia,Front,12740.0,12205.0,1.8,4.0,126.0,31.0,35.0,2513.0,100.0,178.0
Nissan,Sentra 1.8 S 4dr,Sedan,Asia,Front,14740.0,13747.0,1.8,4.0,126.0,31.0,35.0,2581.0,100.0,178.0
Nissan,Altima S 4dr,Sedan,Asia,Front,19240.0,18030.0,2.5,4.0,175.0,24.0,26.0,3039.0,110.0,192.0
Nissan,Sentra SE-R 4dr,Sedan,Asia,Front,17640.0,16444.0,2.5,4.0,165.0,26.0,28.0,2761.0,100.0,178.0
Nissan,Altima SE 4dr,Sedan,Asia,Front,23290.0,21580.0,3.5,6.0,245.0,24.0,26.0,3197.0,110.0,192.0
Nissan,Maxima SE 4dr,Sedan,Asia,Front,27490.0,25182.0,3.5,6.0,265.0,23.0,28.0,3473.0,111.0,194.0
Nissan,Maxima SL 4dr,Sedan,Asia,Front,29440.0,26966.0,3.5,6.0,265.0,23.0,28.0,3476.0,111.0,194.0
Nissan,350Z coupe 2dr,Sports,Asia,Rear,26910.0,25203.0,3.5,6.0,287.0,23.0,26.0,3188.0,104.0,169.0
Nissan,350Z Enthusiast convertible 2dr,Sports,Asia,Rear,34390.0,31845.0,3.5,6.0,287.0,23.0,26.0,3428.0,104.0,169.0
Nissan,Frontier King Cab XE V6,Truck,Asia,All,19479.0,18253.0,3.3,6.0,180.0,20.0,20.0,3932.0,116.0,191.0
Nissan,Murano SL,Wagon,Asia,Rear,28739.0,27300.0,3.5,6.0,245.0,23.0,25.0,3801.0,111.0,188.0
Oldsmobile,Alero GX 2dr,Sedan,USA,Front,18825.0,17642.0,2.2,4.0,140.0,27.0,32.0,2946.0,107.0,187.0
Oldsmobile,Alero GLS 2dr,Sedan,USA,Front,23675.0,21485.0,3.4,6.0,170.0,23.0,29.0,3085.0,107.0,187.0
Oldsmobile,Silhouette GL,Sedan,USA,Front,28790.0,26120.0,3.4,6.0,185.0,22.0,26.0,3948.0,120.0,201.0
Pontiac,Aztekt,SUV,USA,Front,21595.0,19810.0,3.4,6.0,185.0,22.0,26.0,3779.0,108.0,182.0
Pontiac,Sunfire 1SA 2dr,Sedan,USA,Front,15495.0,14375.0,2.2,4.0,140.0,27.0,33.0,2771.0,104.0,182.0
Pontiac,Grand Am GT 2dr,Sedan,USA,Front,22450.0,20595.0,3.4,6.0,175.0,23.0,29.0,3118.0,107.0,186.0
Pontiac,Grand Prix GT1 4dr,Sedan,USA,Front,22395.0,20545.0,3.8,6.0,200.0,23.0,30.0,3477.0,111.0,198.0
Pontiac,Sunfire 1SC 2dr,Sedan,USA,Front,17735.0,16369.0,2.2,4.0,140.0,27.0,33.0,2771.0,104.0,182.0
Pontiac,Grand Prix GT2 4dr,Sedan,USA,Front,24295.0,22284.0,3.8,6.0,200.0,23.0,30.0,3484.0,111.0,198.0
Pontiac,Bonneville GXP 4dr,Sedan,USA,Front,35995.0,32997.0,4.6,8.0,275.0,20.0,20.0,3790.0,112.0,203.0
Pontiac,Montana,Sedan,USA,Front,23845.0,21644.0,3.4,6.0,185.0,22.0,26.0,3803.0,112.0,187.0
Pontiac,GTO 2dr,Sports,USA,Rear,33500.0,30710.0,5.7,8.0,340.0,19.0,20.0,3725.0,110.0,190.0
Pontiac,Vibe,Wagon,USA,Rear,17045.0,15973.0,1.8,4.0,130.0,32.0,36.0,2701.0,102.0,172.0
Porsche,911 Carrera convertible 2dr (coupe),Sports,Europe,Rear,79165.0,69229.0,3.6,6.0,315.0,21.0,26.0,3135.0,93.0,175.0
Porsche,911 Carrera 4S coupe 2dr (convert),Sports,Europe,All,84165.0,72206.0,3.6,6.0,315.0,20.0,24.0,3240.0,93.0,175.0
Porsche,911 Targa coupe 2dr,Sports,Europe,Rear,76765.0,67128.0,3.6,6.0,315.0,21.0,26.0,3119.0,93.0,175.0
Porsche,911 GT2 2dr,Sports,Europe,Rear,192465.0,173560.0,3.6,6.0,477.0,20.0,24.0,3131.0,93.0,175.0
Porsche,Boxster convertible 2dr,Sports,Europe,Rear,43365.0,37886.0,2.7,6.0,228.0,23.0,29.0,2811.0,95.0,170.0
Porsche,Boxster S convertible 2dr,Sports,Europe,Rear,52365.0,45766.0,3.2,6.0,258.0,21.0,26.0,2911.0,95.0,170.0
Saab,9-3 Arc Sport 4dr,Sedan,Europe,Front,30860.0,29269.0,2.0,4.0,210.0,23.0,28.0,3175.0,105.0,183.0
Saab,9-3 Aero 4dr,Sedan,Europe,Front,33360.0,31562.0,2.0,4.0,210.0,23.0,28.0,3175.0,105.0,183.0
Saab,9-5 Arc 4dr,Sedan,Europe,Front,35105.0,33011.0,2.3,4.0,220.0,24.0,29.0,3470.0,106.0,190.0
Saab,9-5 Aero 4dr,Sedan,Europe,Front,39465.0,37721.0,2.3,4.0,250.0,24.0,29.0,3470.0,106.0,190.0
Saab,9-3 Arc convertible 2dr,Sedan,Europe,Front,40670.0,38520.0,2.0,4.0,210.0,24.0,29.0,3480.0,105.0,182.0
Saab,9-3 Aero convertible 2dr,Sedan,Europe,Front,43175.0,40883.0,2.0,4.0,210.0,24.0,30.0,3700.0,105.0,182.0
Saab,9-5 Aero,Wagon,Europe,Front,40845.0,38376.0,2.3,4.0,250.0,22.0,29.0,3620.0,106.0,190.0
Saturn,VUE,SUV,USA,All,20585.0,19238.0,2.2,4.0,143.0,24.0,26.0,3381.0,107.0,181.0
Saturn,Ion1 4dr,Sedan,USA,Front,10995.0,10319.0,2.2,4.0,140.0,29.0,35.0,2692.0,103.0,185.0
Saturn,lon2 4dr,Sedan,USA,Front,14300.0,13393.0,2.2,4.0,140.0,29.0,35.0,2692.0,103.0,185.0
Saturn,lon3 4dr,Sedan,USA,Front,15825.0,14811.0,2.2,4.0,140.0,29.0,35.0,2692.0,103.0,185.0
Saturn,lon2 quad coupe 2dr,Sedan,USA,Front,14850.0,13904.0,2.2,4.0,140.0,29.0,35.0,2751.0,103.0,185.0
Saturn,lon3 quad coupe 2dr,Sedan,USA,Front,16350.0,15299.0,2.2,4.0,140.0,29.0,35.0,2751.0,103.0,185.0
Saturn,L300-2 4dr,Sedan,USA,Front,21410.0,19801.0,3.0,6.0,182.0,23.0,28.0,3197.0,107.0,190.0
Saturn,L300 2,Wagon,USA,Front,23560.0,21779.0,2.2,4.0,140.0,27.0,34.0,3109.0,107.0,190.0
Scion,xA 4dr hatch,Sedan,Asia,Front,12965.0,12340.0,1.5,4.0,108.0,35.0,38.0,2340.0,93.0,154.0
Scion,xB,Wagon,Asia,Front,14165.0,13480.0,1.5,4.0,108.0,34.0,35.0,2425.0,98.0,155.0
Subaru,Impreza 2.5 RS 4dr,Sedan,Asia,All,19945.0,18399.0,2.5,4.0,165.0,25.0,28.0,2965.0,99.0,174.0
Subaru,Legacy L 4dr,Sedan,Asia,All,20445.0,18713.0,2.5,4.0,165.0,24.0,28.0,3285.0,104.0,184.0
Subaru,Legacy GT 4dr,Sedan,Asia,All,25645.0,23336.0,2.5,4.0,165.0,24.0,28.0,3395.0,104.0,184.0
Subaru,Outback Limited Sedan 4dr,Sedan,Asia,All,27145.0,24687.0,2.5,4.0,165.0,23.0,27.0,3495.0,104.0,184.0
Subaru,Outback H6 4dr,Sedan,Asia,All,29345.0,26660.0,3.0,6.0,212.0,22.0,26.0,3610.0,104.0,184.0
Subaru,Outback H-6 VDC 4dr,Sedan,Asia,All,31545.0,28603.0,3.0,6.0,212.0,22.0,26.0,3630.0,104.0,184.0
Subaru,Impreza WRX 4dr,Sports,Asia,All,25045.0,23022.0,2.0,4.0,227.0,23.0,27.0,3085.0,99.0,174.0
Subaru,Impreza WRX STi 4dr,Sports,Asia,All,31545.0,29130.0,2.5,4.0,300.0,21.0,24.0,3263.0,100.0,174.0
Subaru,Baja,Truck,Asia,All,24520.0,22304.0,2.5,4.0,165.0,24.0,28.0,3485.0,104.0,193.0
Subaru,Forester X,Wagon,Asia,All,21445.0,19646.0,2.5,4.0,165.0,24.0,28.0,3090.0,99.0,175.0
Subaru,Outback,Wagon,Asia,All,23895.0,21773.0,2.5,4.0,165.0,24.0,28.0,3430.0,104.0,187.0
Suzuki,XL-7 EX,SUV,Asia,Front,23699.0,22307.0,2.7,6.0,185.0,21.0,22.0,3682.0,110.0,187.0
Suzuki,Vitara LX,SUV,Asia,All,17163.0,16949.0,2.5,6.0,165.0,22.0,22.0,3020.0,98.0,163.0
Suzuki,Aeno S 4dr,Sedan,Asia,Front,12884.0,12719.0,2.3,4.0,155.0,28.0,31.0,2676.0,98.0,171.0
Suzuki,Aerio LX 4dr,Sedan,Asia,Front,14500.0,14317.0,2.3,4.0,155.0,28.0,31.0,2676.0,98.0,171.0
Suzuki,Forenza S 4dr,Sedan,Asia,Front,12269.0,12116.0,2.0,4.0,119.0,27.0,31.0,2701.0,102.0,177.0
Suzuki,Forenza EX 4dr,Sedan,Asia,Front,15568.0,15378.0,2.0,4.0,119.0,25.0,30.0,2756.0,102.0,177.0
Suzuki,Verona LX 4dr,Sedan,Asia,Front,17262.0,17053.0,2.5,6.0,155.0,23.0,27.0,3380.0,106.0,188.0
Suzuki,Aerio SX,Wagon,Asia,All,16497.0,16291.0,2.3,4.0,155.0,27.0,29.0,2932.0,98.0,167.0
Toyota,Prius 4dr (gas/electric),Hybrid,Asia,Front,20510.0,18926.0,1.5,4.0,110.0,62.0,51.0,2890.0,106.0,175.0
Toyota,Highlander V6,SUV,Asia,All,27930.0,24915.0,3.3,6.0,230.0,21.0,24.0,3935.0,107.0,185.0
Toyota,RAV4,SUV,Asia,All,20290.0,18553.0,2.4,4.0,161.0,25.0,27.0,3119.0,98.0,167.0
Toyota,Corolla CE 4dr,Sedan,Asia,Front,14085.0,13065.0,1.8,4.0,130.0,35.0,40.0,2502.0,102.0,178.0
Toyota,Corolla S 4dr,Sedan,Asia,Front,15030.0,13650.0,1.8,4.0,130.0,35.0,40.0,2524.0,102.0,178.0
Toyota,Corolla LE 4dr,Sedan,Asia,Front,15295.0,13889.0,1.8,4.0,130.0,35.0,40.0,2524.0,102.0,178.0
Toyota,Echo 2dr manual,Sedan,Asia,Front,10760.0,10144.0,1.5,4.0,108.0,38.0,43.0,2035.0,93.0,163.0
Toyota,Echo 2dr auto,Sedan,Asia,Front,11560.0,10896.0,1.5,4.0,108.0,36.0,39.0,2085.0,93.0,163.0
Toyota,Echo 4dr,Sedan,Asia,Front,11290.0,10642.0,1.5,4.0,108.0,38.0,43.0,2055.0,93.0,163.0
Toyota,Camry LE 4dr,Sedan,Asia,Front,19560.0,17558.0,2.4,4.0,157.0,27.0,33.0,3086.0,107.0,189.0
Toyota,Camry LE V6 4dr,Sedan,Asia,Front,22775.0,20325.0,3.0,6.0,210.0,24.0,29.0,3296.0,107.0,189.0
Toyota,Camry Solara SE 2dr,Sedan,Asia,Front,19635.0,17722.0,2.4,4.0,157.0,27.0,33.0,3175.0,107.0,193.0
Toyota,Camry Solara SE V6 2dr,Sedan,Asia,Front,21965.0,19819.0,3.3,6.0,225.0,23.0,29.0,3417.0,107.0,193.0
Toyota,Avalon XL 4dr,Sedan,Asia,Front,26560.0,23693.0,3.0,6.0,210.0,24.0,29.0,3417.0,107.0,192.0
Toyota,Camry XLE V6 4dr,Sedan,Asia,Front,25920.0,23125.0,3.0,6.0,210.0,24.0,29.0,3362.0,107.0,189.0
Toyota,Camry Solara SLE V6 2dr,Sedan,Asia,Front,26510.0,23908.0,3.3,6.0,225.0,23.0,29.0,3439.0,107.0,193.0
Toyota,Avalon XLS 4dr,Sedan,Asia,Front,30920.0,27271.0,3.0,6.0,210.0,24.0,29.0,3439.0,107.0,192.0
Toyota,Celica GT-S 2dr,Sports,Asia,Front,22570.0,20363.0,1.8,4.0,180.0,27.0,33.0,2500.0,102.0,171.0
Toyota,MR2 Spyder convertible 2dr,Sports,Asia,Rear,25130.0,22787.0,1.8,4.0,138.0,29.0,32.0,2195.0,97.0,153.0
Toyota,Tacoma,Truck,Asia,Rear,12800.0,11879.0,2.4,4.0,142.0,25.0,27.0,2750.0,103.0,191.0
Toyota,Tundra Regular Cab V6,Truck,Asia,Rear,16495.0,14978.0,3.4,6.0,190.0,19.0,18.0,3925.0,128.0,218.0
Toyota,Matrix XR,Wagon,Asia,Front,16695.0,15156.0,1.8,4.0,130.0,32.0,36.0,2679.0,102.0,171.0
Volkswagen,Golf GLS 4dr,Sedan,Europe,Front,18715.0,17478.0,2.0,4.0,115.0,27.0,31.0,2897.0,99.0,165.0
Volkswagen,GTI 1.8T 2dr hatch,Sedan,Europe,Front,19825.0,18109.0,1.8,4.0,180.0,27.0,31.0,2934.0,99.0,168.0
Volkswagen,Jetta GLS TDI 4dr,Sedan,Europe,Front,21055.0,19638.0,1.9,4.0,100.0,41.0,46.0,3003.0,99.0,172.0
Volkswagen,New Beetle GLS 1.8T 2dr,Sedan,Europe,Front,21055.0,19638.0,1.8,4.0,150.0,27.0,31.0,2820.0,99.0,161.0
Volkswagen,Jetta GLI VR6 4dr,Sedan,Europe,Front,23785.0,21686.0,2.8,6.0,200.0,24.0,30.0,3179.0,99.0,172.0
Volkswagen,New Beetle GLS convertible 2dr,Sedan,Europe,Front,23215.0,21689.0,2.0,4.0,115.0,27.0,30.0,3082.0,99.0,161.0
Volkswagen,Passat GLS 4dr,Sedan,Europe,Front,23955.0,21898.0,1.8,4.0,170.0,25.0,31.0,3241.0,106.0,185.0
Volkswagen,Passat GLX V6 4MOTION 4dr,Sedan,Europe,Front,33180.0,30583.0,2.8,6.0,190.0,22.0,26.0,3721.0,106.0,185.0
Volkswagen,Passat W8 4MOTION 4dr,Sedan,Europe,Front,39235.0,36052.0,4.0,8.0,270.0,21.0,25.0,3953.0,106.0,185.0
Volkswagen,Jetta GL,Wagon,Europe,Front,19005.0,17427.0,2.0,4.0,115.0,27.0,30.0,3034.0,99.0,174.0
Volkswagen,Passat GLS 1.8T,Wagon,Europe,Front,24955.0,22801.0,1.8,4.0,170.0,25.0,31.0,3338.0,106.0,184.0
Volvo,S40 4dr,Sedan,Europe,Front,25135.0,23701.0,1.9,4.0,170.0,25.0,29.0,2767.0,101.0,178.0
Volvo,S60 2.5 4dr,Sedan,Europe,All,31745.0,29916.0,2.5,5.0,208.0,23.0,27.0,3903.0,107.0,180.0
Volvo,S60 T5 4dr,Sedan,Europe,Front,34845.0,32902.0,2.3,5.0,247.0,23.0,28.0,3766.0,107.0,180.0
Volvo,S60 R 4dr,Sedan,Europe,All,37560.0,35382.0,2.5,5.0,300.0,21.0,25.0,3571.0,107.0,181.0
Volvo,S80 2.9 4dr,Sedan,Europe,Front,37730.0,35542.0,2.9,6.0,208.0,23.0,28.0,3576.0,110.0,190.0
Volvo,S80 2.5T 4dr,Sedan,Europe,All,37885.0,35688.0,2.5,5.0,194.0,23.0,27.0,3691.0,110.0,190.0
Volvo,C70 LPT convertible 2dr,Sedan,Europe,Front,40565.0,38203.0,2.4,5.0,197.0,24.0,28.0,3450.0,105.0,186.0
Volvo,C70 HPT convertible 2dr,Sedan,Europe,Front,42565.0,40083.0,2.3,5.0,242.0,23.0,26.0,3450.0,105.0,186.0
Volvo,S80 T6 4dr,Sedan,Europe,Front,45210.0,42573.0,2.9,6.0,268.0,22.0,26.0,3653.0,110.0,190.0
Volvo,V40,Wagon,Europe,Front,26135.0,24641.0,1.9,4.0,170.0,25.0,29.0,2822.0,101.0,180.0
Volvo,XC70,Wagon,Europe,All,35145.0,33112.0,2.5,5.0,208.0,23.0,27.0,3823.0,109.0,186.0
